{"1": 94.7851333618164, "2": 94.33477020263672, "3": 92.5390396118164, "4": 92.52295684814453, "5": 92.07447052001953, "6": 91.21537780761719, "7": 91.00628662109375, "8": 90.95417022705078, "9": 90.76046752929688, "10": 90.76141357421875, "11": 97.10462951660156, "12": 98.18498229980469, "13": 98.95927429199219, "14": 102.01837921142578, "15": 96.58576965332031, "16": 99.61387634277344, "17": 102.17292785644531, "18": 96.9462890625, "19": 107.29773712158203, "20": 102.59412384033203, "21": 103.1596450805664, "22": 101.72222900390625, "23": 106.35282897949219, "24": 98.505615234375, "25": 103.6126937866211, "26": 100.32549285888672, "27": 102.66513061523438, "28": 102.29398345947266, "29": 107.56208801269531, "30": 101.40142059326172}