{
    "1": 9.709237598224153,
    "2": 9.681803548218124,
    "3": 9.60016946643025,
    "4": 9.55531509846009,
    "5": 9.491321414320632,
    "6": 9.517495759121847,
    "7": 9.499971891662776,
    "8": 9.619087682278161,
    "9": 9.534582137186806,
    "10": 9.611639484834301,
    "11": 9.704033899661587,
    "12": 9.939216513505666,
    "13": 9.796980131762462,
    "14": 9.797131597392223,
    "15": 9.94278715544374,
    "16": 9.883394174458228,
    "17": 9.882336945080032,
    "18": 10.044072877243519,
    "19": 10.290740019024879,
    "20": 10.094688348290951,
    "21": 10.21564364100471,
    "22": 10.395383000733238,
    "23": 10.29772075137697,
    "24": 10.305478566702739,
    "25": 10.208877694284297,
    "26": 10.053604269179761,
    "27": 10.071693154118758,
    "28": 10.053553804093202,
    "29": 10.091096606062724,
    "30": 10.376708843645043,
    "31": 10.302456490624502,
    "32": 10.558263527253784,
    "33": 10.295486750237524,
    "34": 10.407370567130876,
    "35": 10.396610778808407,
    "36": 10.391806720278293,
    "37": 10.069931413706739,
    "38": 10.389105342937867,
    "39": 10.373440544862296,
    "40": 10.423012552704142,
    "41": 10.661990412243918,
    "42": 10.310243301850804,
    "43": 9.654894884940893,
    "44": 10.301533734839635,
    "45": 10.282363042904766,
    "46": 10.234022015024392,
    "47": 10.101493770309496,
    "48": 10.454542306288896,
    "49": 10.271673966388212,
    "50": 9.850194752893055,
    "51": 9.81822785774508,
    "52": 10.105320395968441,
    "53": 10.475285462925827,
    "54": 10.137515021711666,
    "55": 10.33832216326069,
    "56": 10.542079711381113,
    "57": 10.456339206531643,
    "58": 9.828159544479234,
    "59": 10.18694467727739,
    "60": 9.648673928024303,
    "61": 10.125947884353376,
    "62": 10.48237838721881,
    "63": 10.412316189502496,
    "64": 10.04094287168498,
    "65": 10.103881286576097,
    "66": 9.709168448705174,
    "67": 9.615442063380069,
    "68": 9.537695534477836,
    "69": 10.304899246781995,
    "70": 9.627875753047153,
    "71": 10.834443685898698,
    "72": 10.34415640133469,
    "73": 10.04976895954015,
    "74": 9.798235785053945,
    "75": 10.08692725161605,
    "76": 10.38099589074159,
    "77": 10.307981298711685,
    "78": 9.56035156050494,
    "79": 9.724904163349278,
    "80": 10.03202460319751
}