{
    "1": 5.8224406242370605,
    "2": 5.962827205657959,
    "3": 5.8739519119262695,
    "4": 5.979504585266113,
    "5": 5.977773189544678,
    "6": 6.039661884307861,
    "7": 6.023501873016357,
    "8": 6.088237762451172,
    "9": 6.049496650695801,
    "10": 6.181320667266846,
    "11": 6.222811222076416,
    "12": 6.319277763366699,
    "13": 6.354706764221191,
    "14": 6.258133411407471,
    "15": 6.449396133422852,
    "16": 6.467523097991943,
    "17": 6.51179838180542,
    "18": 6.494881629943848,
    "19": 6.791230201721191,
    "20": 6.813632011413574,
    "21": 6.709071636199951,
    "22": 6.853951454162598,
    "23": 6.728760719299316,
    "24": 6.90039587020874,
    "25": 6.8430047035217285,
    "26": 6.719363689422607,
    "27": 6.815421104431152,
    "28": 6.945054054260254,
    "29": 6.850559234619141,
    "30": 6.6865692138671875,
    "31": 7.215948104858398,
    "32": 7.067842483520508,
    "33": 6.942995548248291,
    "34": 7.132704734802246,
    "35": 7.018267631530762,
    "36": 7.570167064666748,
    "37": 6.878221035003662,
    "38": 7.226234436035156,
    "39": 7.134633541107178,
    "40": 7.370307922363281,
    "41": 7.23256254196167,
    "42": 6.936074256896973,
    "43": 7.401504039764404,
    "44": 7.208859920501709,
    "45": 7.328566074371338,
    "46": 6.906286239624023,
    "47": 6.981687068939209,
    "48": 7.141070365905762,
    "49": 7.332386016845703,
    "50": 7.400903701782227
}