{"1": 9.373090625874656, "2": 9.229052770412709, "3": 9.09389136555177, "4": 9.285754411212455, "5": 9.291295430475085, "6": 9.195255665048442, "7": 10.575022119810088, "8": 27.238069214810018, "9": 27.240883518404488, "10": 27.23891846603346, "11": 27.23931395261957, "12": 27.239250092568053, "13": 27.241119897707033, "14": 27.239139177385912, "15": 27.240558633551714, "16": 27.238348193396153, "17": 27.23936997008535, "18": 27.238429981757278, "19": 27.238007592648685, "20": 27.240038809727654, "21": 27.24012843523262, "22": 27.238602520782088, "23": 27.237928043834277, "24": 27.239620926917972, "25": 27.238251839669335, "26": 27.240408513035028, "27": 27.23793028464913, "28": 27.239623167593564, "29": 27.237935886685456, "30": 27.238259682427284}