{
    "1": 33.312120732479826,
    "2": 30.563534459742627,
    "3": 28.911127122344695,
    "4": 26.427181746425283,
    "5": 26.96061490135889,
    "6": 22.317753533963366,
    "7": 21.081752954087747,
    "8": 19.76941354502107,
    "9": 18.648980799584766,
    "10": 17.26809406836511,
    "11": 16.127958750778006,
    "12": 15.207649835704089,
    "13": 14.510452712270526,
    "14": 13.87275636420625,
    "15": 13.27252988086584,
    "16": 12.838556060886116,
    "17": 12.54468514416408,
    "18": 12.064612959571384,
    "19": 11.916847138716644,
    "20": 11.478815219897003,
    "21": 11.116367720016331,
    "22": 10.87278637335011,
    "23": 10.748742673223497,
    "24": 10.781557117455398,
    "25": 10.45716257622056,
    "26": 10.32758647305354,
    "27": 10.34078263882846,
    "28": 10.200584948353415,
    "29": 10.25499027008086,
    "30": 10.00147389040579,
    "31": 9.752239654750667,
    "32": 9.77985837744149,
    "33": 9.799917524341046,
    "34": 9.747445187489154,
    "35": 9.554080223316854,
    "36": 9.63623382127586,
    "37": 9.484603853936825,
    "38": 9.635807063811319,
    "39": 9.502536234356274,
    "40": 9.33269589381784,
    "41": 9.311695857819625,
    "42": 9.319113207364726,
    "43": 9.447338912329442,
    "44": 9.296787601348642,
    "45": 9.231963434976663,
    "46": 9.491148991544042,
    "47": 9.361426534599056,
    "48": 9.254804858227276,
    "49": 9.297448199897925,
    "50": 9.188103688446732,
    "51": 9.227641120933251,
    "52": 9.109931104380674,
    "53": 9.183908603971064,
    "54": 9.055247384140772,
    "55": 9.16492662965466,
    "56": 9.259023440713582,
    "57": 9.120698097682133,
    "58": 9.227116089314341,
    "59": 8.966730721208268,
    "60": 9.133505423750707
}