{"1": 19.528971742124252, "2": 12.472153430985953, "3": 17.721935167582135, "4": 18.95010248725172, "5": 19.029676049703017, "6": 19.000858488263514, "7": 18.774441264000124, "8": 19.397973401113646, "9": 27.3846981340772, "10": 27.470162035308306, "11": 27.42270186609479, "12": 27.452002235862732, "13": 19.123446532343237, "14": 27.516905980616603, "15": 27.61633441044505, "16": 27.432613415578796, "17": 27.45827022963949, "18": 27.39477716496283, "19": 27.607253782761177, "20": 22.107975331137574, "21": 27.598874541846133, "22": 27.581307358879855, "23": 27.67445772461608, "24": 27.6162205895093, "25": 27.59492229248209, "26": 27.729027873627416, "27": 24.11800366087412, "28": 27.6302037926088, "29": 28.0638397508698, "30": 27.796570886124492}