{"1": 11.047473076543483, "2": 9.857192195350267, "3": 8.9433617209677, "4": 9.156327491406302, "5": 8.92005808379417, "6": 8.964521627518888, "7": 9.197225600159777, "8": 8.954606764107773, "9": 9.102187813819647, "10": 9.07911033338624, "11": 9.19683820047641, "12": 8.953159085886249, "13": 9.097292704871348, "14": 9.169973666986326, "15": 9.119054242000905, "16": 9.170439573711702, "17": 9.162488459102342, "18": 9.118483633500368, "19": 9.140527760567178, "20": 9.10373959678088, "21": 9.095962936822405, "22": 9.122337475429475, "23": 9.156839501474389, "24": 9.179784740176459, "25": 9.06248989762368, "26": 9.114660388439168, "27": 8.97652297845412, "28": 8.976525528236525, "29": 9.146029134984662, "30": 9.103537624343188, "31": 9.047361581528289, "32": 9.043604864235814, "33": 9.155637961493104, "34": 9.041792158202316, "35": 9.135661963921551, "36": 9.235038823829422, "37": 9.122225823080964, "38": 8.970616588345399, "39": 9.13894841394747, "40": 9.058483417557923, "41": 9.085682649720152, "42": 9.07978130732603, "43": 9.181843995367894, "44": 9.050150276748905, "45": 8.984410665690078, "46": 9.055810603611173, "47": 9.13644109975204, "48": 9.16255174234516, "49": 9.116446052220507, "50": 9.088063772729978}