{"1": 9.807976135473792, "2": 12.550985496704095, "3": 11.645257179234292, "4": 12.621157221869183, "5": 11.264138386873308, "6": 11.083995560291713, "7": 10.67382079854506, "8": 10.526018512945114, "9": 10.813239805457568, "10": 27.247372561834975, "11": 14.541874371259443, "12": 10.25089985688947, "13": 22.707817123098682, "14": 27.240821902609465, "15": 27.24673302341436, "16": 27.26944256046672, "17": 27.247757845686817, "18": 27.286833621043318, "19": 27.239839391921095, "20": 27.283622507447692, "21": 27.239489847075077, "22": 27.243815148895493, "23": 27.260581105812154, "24": 27.249060378367293, "25": 27.255673998944122, "26": 27.24665910031735, "27": 27.264652337593517, "28": 27.272432665534144, "29": 27.27853607277043, "30": 27.304526555319654, "31": 27.253606995006756, "32": 27.253381921733585, "33": 27.277311025417145, "34": 27.240677385016166, "35": 27.263127795743305, "36": 27.238063612801113, "37": 27.267923882312026, "38": 27.243100474019105, "39": 27.239495448790667, "40": 27.23797734171847, "41": 27.240294241639422, "42": 27.295438347640502, "43": 27.25278619643779, "44": 27.307948660757983, "45": 27.30655282433939, "46": 27.275374331471145, "47": 27.26254123857782, "48": 27.25146928378358, "49": 27.261772202716617, "50": 27.251819794811983}