{
    "1": 11.398597470390477,
    "2": 10.457496721056069,
    "3": 23.507730713965405,
    "4": 10.724523829846857,
    "5": 12.831758939271964,
    "6": 15.421038913189648,
    "7": 14.979199037618592,
    "8": 19.50979681162414,
    "9": 18.416082634734646,
    "10": 23.18481100690237,
    "11": 23.034559739287673,
    "12": 26.19151665012154,
    "13": 27.288409400286714,
    "14": 27.302663328047093,
    "15": 27.53926418365864,
    "16": 27.556411866586288,
    "17": 27.620094657807567,
    "18": 27.103632091632917,
    "19": 27.634719726731444,
    "20": 27.98769871384346,
    "21": 27.56794031130749,
    "22": 27.33401500813307,
    "23": 27.684014576754173,
    "24": 26.310619876044708,
    "25": 27.759938702694278,
    "26": 27.27285675942864,
    "27": 27.73727537651274,
    "28": 27.96491222796826,
    "29": 27.52338760462409,
    "30": 27.290306030212566,
    "31": 27.848195141808564,
    "32": 27.361130636846177,
    "33": 27.861427732143188,
    "34": 27.89527709801428,
    "35": 27.92719175912217,
    "36": 27.92677650913915,
    "37": 27.48661672743835,
    "38": 28.07102785756996,
    "39": 28.038951483480417,
    "40": 27.438921428869747,
    "41": 28.070366859117975,
    "42": 28.593350833962475,
    "43": 27.124850365010655,
    "44": 28.30982025466715,
    "45": 28.117393719721672,
    "46": 28.15547936133225,
    "47": 28.17535747853022,
    "48": 26.835654338025744,
    "49": 27.513070624264774,
    "50": 27.87155335334084
}